step,price
0,100.0
1,99.985
2,99.985
3,99.955
4,99.93
5,99.93
6,99.93
7,99.93
8,99.93
9,99.93
10,99.93
11,99.93
12,99.93
13,99.93
14,100.06
15,100.06
16,100.06
17,100.06
18,100.06
19,100.06
20,100.06
21,100.06
22,100.06
23,100.06
24,100.06
25,100.06
26,100.06
27,100.06
28,100.06
29,100.06
30,100.06
31,100.06
32,100.06
33,100.06
34,100.06
35,100.06
36,100.06
37,100.06
38,100.06
39,100.06
40,100.06
41,100.06
42,100.08
43,100.07
44,100.065
45,100.065
46,100.065
47,100.065
48,100.065
49,100.09
50,100.075
51,100.065
52,100.0
53,100.0
54,100.0
55,100.0
56,100.0
57,99.905
58,99.905
59,99.995
60,100.0
61,100.0
62,100.0
63,100.0
64,100.0
65,99.965
66,99.97
67,99.865
68,99.86
69,99.86
70,99.86
71,99.795
72,99.795
73,99.74000000000001
74,99.74000000000001
75,99.74000000000001
76,99.615
77,99.595
78,99.595
79,99.595
80,99.595
81,99.595
82,99.595
83,99.595
84,99.595
85,99.595
86,99.50999999999999
87,99.465
88,99.47
89,99.47
90,99.47
91,99.47
92,99.47
93,99.47
94,99.47
95,99.47
96,99.475
97,99.47
98,99.485
99,99.46000000000001
100,99.47
101,99.47
102,99.47
103,99.47
104,99.47
105,99.47
106,99.43
107,99.43
108,99.43
109,99.43
110,99.43
111,99.43
112,99.43
113,99.39
114,99.435
115,99.435
116,99.435
117,99.435
118,99.435
119,99.435
120,99.435
121,99.435
122,99.435
123,99.435
124,99.5
125,99.5
126,99.5
127,99.5
128,99.545
129,99.575
130,99.575
131,99.575
132,99.58500000000001
133,99.59
134,99.575
135,99.575
136,99.575
137,99.66
138,99.66
139,99.66
140,99.66
141,99.745
142,99.75
143,99.805
144,99.83500000000001
145,99.855
146,99.905
147,99.905
148,99.905
149,99.905
150,99.905
151,99.905
152,99.965
153,99.97
154,99.97
155,100.055
156,100.105
157,100.11
158,100.11
159,100.11
160,100.11
161,100.11
162,100.11
163,100.11
164,100.11
165,100.11
166,100.11
167,100.11
168,100.17500000000001
169,100.18
170,100.18
171,100.18
172,100.18
173,100.18
174,100.18
175,100.18
176,100.18
177,100.18
178,100.18
179,100.2
180,100.19
181,100.185
182,100.18
183,100.18
184,100.18
185,100.18
186,100.18
187,100.185
188,100.14500000000001
189,100.16499999999999
190,100.16499999999999
191,100.16999999999999
192,100.175
193,100.175
194,100.175
195,100.175
196,100.17
197,100.17
198,100.17
199,100.13
200,100.15
201,100.16
202,100.16
203,100.16499999999999
204,100.16
205,100.19999999999999
206,100.18
207,100.175
208,100.16499999999999
209,100.16
210,100.16499999999999
211,100.16
212,100.16
213,100.16499999999999
214,100.16
215,100.16
216,100.16
217,100.16
218,100.16
219,100.16
220,100.16
221,100.17
222,100.17
223,100.17
224,100.185
225,100.185
226,100.185
227,100.185
228,100.185
229,100.185
230,100.185
231,100.185
232,100.185
233,100.185
234,100.185
235,100.185
236,100.185
237,100.185
238,100.185
239,100.185
240,100.185
241,100.185
242,100.185
243,100.185
244,100.225
245,100.2
246,100.19
247,100.215
248,100.185
249,100.185
250,100.185
251,100.185
252,100.185
253,100.185
254,100.185
255,100.185
256,100.185
257,100.185
258,100.185
259,100.185
260,100.195
261,100.19
262,100.19
263,100.19
264,100.195
265,100.19
266,100.195
267,100.195
268,100.19
269,100.19
270,100.19
271,100.19
272,100.19
273,100.19
274,100.19
275,100.19
276,100.19
277,100.19
278,100.19
279,100.19
280,100.19
281,100.19
282,100.19
283,100.19
284,100.19
285,100.205
286,100.205
287,100.205
288,100.205
289,100.205
290,100.22999999999999
291,100.23
292,100.23
293,100.25
294,100.25
295,100.245
296,100.31
297,100.31
298,100.31
299,100.31
300,100.31
301,100.31
302,100.31
303,100.31
304,100.31
305,100.33000000000001
306,100.33
307,100.33
308,100.33
309,100.33
310,100.33
311,100.355
312,100.36
313,100.36
314,100.36
315,100.36
316,100.36
317,100.36
318,100.36
319,100.36
320,100.4
321,100.38
322,100.38
323,100.38
324,100.38
325,100.38
326,100.38
327,100.35
328,100.36500000000001
329,100.375
330,100.37
331,100.35
332,100.355
333,100.325
334,100.345
335,100.345
336,100.345
337,100.31
338,100.33
339,100.32
340,100.32
341,100.32
342,100.32
343,100.32
344,100.28999999999999
345,100.305
346,100.305
347,100.31
348,100.31
349,100.31
350,100.315
351,100.315
352,100.315
353,100.285
354,100.285
355,100.285
356,100.28
357,100.28
358,100.28
359,100.28
360,100.28
361,100.235
362,100.235
363,100.235
364,100.21000000000001
365,100.21000000000001
366,100.2
367,100.2
368,100.195
369,100.19
370,100.19
371,100.19
372,100.19
373,100.19
374,100.19
375,100.19
376,100.19
377,100.19
378,100.19
379,100.19
380,100.19
381,100.19
382,100.19
383,100.19
384,100.19
385,100.19
386,100.19
387,100.19
388,100.19
389,100.19
390,100.19
391,100.19
392,100.19
393,100.19
394,100.19
395,100.19
396,100.19
397,100.19
398,100.19
399,100.19
400,100.19
401,100.19
402,100.19
403,100.19
404,100.19
405,100.19
406,100.19
407,100.19
408,100.19
409,100.175
410,100.175
411,100.17
412,100.17
413,100.17
414,100.17
415,100.17
416,100.18
417,100.18
418,100.185
419,100.185
420,100.17
421,100.17
422,100.17500000000001
423,100.18
424,100.18
425,100.18
426,100.18
427,100.18
428,100.18
429,100.18
430,100.18
431,100.18
432,100.18
433,100.18
434,100.18
435,100.18
436,100.17
437,100.17
438,100.17
439,100.17
440,100.16
441,100.16
442,100.16
443,100.16
444,100.16
445,100.16
446,100.145
447,100.14
448,100.13499999999999
449,100.13
450,100.155
451,100.15
452,100.145
453,100.14
454,100.14
455,100.14
456,100.13
457,100.13
458,100.13
459,100.13
460,100.13
461,100.13
462,100.11500000000001
463,100.1
464,100.1
465,100.08500000000001
466,100.09
467,100.09
468,100.09
469,100.09
470,100.09
471,100.09
472,100.09
473,100.09
474,100.09
475,100.09
476,100.09
477,100.09
478,100.09
479,100.09
480,100.09
481,100.09
482,100.09
483,100.09
484,100.09
485,100.09
486,100.09
487,100.09
488,100.09
489,100.09
490,100.09
491,100.09
492,100.05
493,100.05
494,100.05
495,100.05
496,100.05
497,100.05
498,100.05
499,100.05
500,100.05
501,100.05
502,100.05
503,99.995
504,100.0
505,100.0
506,100.0
507,99.955
508,99.955
509,99.955
510,99.955
511,99.955
512,99.955
513,99.91
514,99.91
515,99.88
516,99.88
517,99.845
518,99.825
519,99.83
520,99.83
521,99.83
522,99.83
523,99.83
524,99.83
525,99.83
526,99.83
527,99.83
528,99.83
529,99.83
530,99.78999999999999
531,99.78999999999999
532,99.77000000000001
533,99.77
534,99.77
535,99.77
536,99.755
537,99.75
538,99.72999999999999
539,99.73
540,99.73
541,99.71000000000001
542,99.71000000000001
543,99.71000000000001
544,99.71000000000001
545,99.71000000000001
546,99.71000000000001
547,99.71000000000001
548,99.71000000000001
549,99.71000000000001
550,99.69
551,99.69
552,99.69
553,99.69
554,99.66999999999999
555,99.67
556,99.655
557,99.655
558,99.655
559,99.63
560,99.63
561,99.63
562,99.63
563,99.63
564,99.63
565,99.63
566,99.63
567,99.63
568,99.61000000000001
569,99.61
570,99.61
571,99.61
572,99.61
573,99.61
574,99.61
575,99.61
576,99.61
577,99.61
578,99.61
579,99.61
580,99.61
581,99.61
582,99.61
583,99.61
584,99.61
585,99.61
586,99.61
587,99.58
588,99.58
589,99.58
590,99.58
591,99.58
592,99.615
593,99.61
594,99.61
595,99.61
596,99.61
597,99.61
598,99.61
599,99.61
600,99.57
601,99.57
602,99.57
603,99.57
604,99.57
605,99.57
606,99.57
607,99.57
608,99.57
609,99.57
610,99.57
611,99.57
612,99.57
613,99.57
614,99.61500000000001
615,99.595
616,99.58500000000001
617,99.57
618,99.57
619,99.57
620,99.57
621,99.57
622,99.57
623,99.57
624,99.57
625,99.57
626,99.53999999999999
627,99.53999999999999
628,99.53999999999999
629,99.53999999999999
630,99.53999999999999
631,99.53999999999999
632,99.52000000000001
633,99.52
634,99.52
635,99.5
636,99.5
637,99.5
638,99.5
639,99.5
640,99.47999999999999
641,99.48
642,99.48
643,99.48
644,99.48
645,99.48
646,99.48
647,99.48
648,99.48
649,99.48
650,99.48
651,99.455
652,99.455
653,99.455
654,99.455
655,99.455
656,99.455
657,99.455
658,99.455
659,99.43
660,99.43
661,99.43
662,99.43
663,99.41
664,99.41
665,99.41
666,99.41
667,99.41
668,99.41
669,99.41
670,99.41
671,99.41
672,99.41
673,99.41
674,99.41
675,99.41
676,99.41
677,99.41
678,99.41
679,99.41
680,99.38999999999999
681,99.39
682,99.39
683,99.39
684,99.39
685,99.39
686,99.39
687,99.39
688,99.39
689,99.39
690,99.39
691,99.39
692,99.36500000000001
693,99.355
694,99.36
695,99.34
696,99.34
697,99.34
698,99.325
699,99.33
700,99.33
701,99.33
702,99.33
703,99.33
704,99.33
705,99.33
706,99.33
707,99.33
708,99.33
709,99.33
710,99.33
711,99.33
712,99.32
713,99.32
714,99.30000000000001
715,99.3
716,99.315
717,99.315
718,99.315
719,99.315
720,99.315
721,99.28
722,99.285
723,99.28
724,99.28
725,99.28
726,99.28
727,99.28
728,99.28
729,99.28
730,99.28
731,99.28
732,99.28
733,99.28
734,99.28
735,99.28
736,99.28
737,99.28
738,99.28
739,99.28
740,99.28
741,99.28
742,99.28
743,99.245
744,99.25
745,99.25
746,99.22
747,99.22
748,99.22
749,99.19999999999999
750,99.2
751,99.2
752,99.2
753,99.2
754,99.2
755,99.2
756,99.2
757,99.2
758,99.175
759,99.17
760,99.17
761,99.17
762,99.17
763,99.17
764,99.17
765,99.145
766,99.14
767,99.13499999999999
768,99.13
769,99.13
770,99.105
771,99.11
772,99.11
773,99.11
774,99.11
775,99.11
776,99.11
777,99.11
778,99.11
779,99.11
780,99.11
781,99.11
782,99.11
783,99.11
784,99.11
785,99.11
786,99.11
787,99.11
788,99.11
789,99.11
790,99.11
791,99.11
792,99.11
793,99.11
794,99.11
795,99.11
796,99.11
797,99.11
798,99.11
799,99.08
800,99.06
801,99.06
802,99.06
803,99.06
804,99.06
805,99.06
806,99.06
807,99.06
808,99.045
809,99.045
810,99.045
811,99.045
812,99.02000000000001
813,99.00999999999999
814,99.00999999999999
815,99.00999999999999
816,99.00999999999999
817,99.00999999999999
818,98.99000000000001
819,98.99000000000001
820,98.99000000000001
821,98.975
822,98.965
823,98.965
824,98.97
825,98.97
826,98.97
827,98.97
828,98.97
829,98.97
830,98.97
831,98.97
832,98.97
833,98.97
834,98.97
835,98.97
836,98.97
837,98.97
838,98.97
839,98.97
840,98.97
841,98.97
842,98.97
843,98.97
844,98.97
845,98.97
846,98.97
847,98.97
848,98.97
849,98.97
850,98.97
851,98.97
852,98.97
853,98.97
854,98.925
855,98.925
856,98.925
857,98.89
858,98.89
859,98.89
860,98.89
861,98.86500000000001
862,98.845
863,98.845
864,98.845
865,98.825
866,98.86
867,98.86
868,98.86
869,98.86
870,98.82499999999999
871,98.82
872,98.82499999999999
873,98.82
874,98.82
875,98.82
876,98.82
877,98.82
878,98.82
879,98.82
880,98.82
881,98.82
882,98.82
883,98.82
884,98.82
885,98.82
886,98.82
887,98.82
888,98.82
889,98.82
890,98.82
891,98.78
892,98.78
893,98.78
894,98.755
895,98.75
896,98.75
897,98.75
898,98.75
899,98.725
900,98.72
901,98.71000000000001
902,98.71000000000001
903,98.71000000000001
904,98.71000000000001
905,98.745
906,98.71000000000001
907,98.71000000000001
908,98.74000000000001
909,98.72999999999999
910,98.73
911,98.73
912,98.73
913,98.73
914,98.73
915,98.70500000000001
916,98.73
917,98.65
918,98.685
919,98.685
920,98.685
921,98.685
922,98.72
923,98.72
924,98.735
925,98.745
926,98.75
927,98.75
928,98.75
929,98.75
930,98.75
931,98.78999999999999
932,98.78999999999999
933,98.805
934,98.81
935,98.81
936,98.81
937,98.81
938,98.81
939,98.81
940,98.81
941,98.845
942,98.83
943,98.82
944,98.82
945,98.82
946,98.82
947,98.82
948,98.82
949,98.82
950,98.82
951,98.82
952,98.82
953,98.82
954,98.82
955,98.86
956,98.84
957,98.83000000000001
958,98.83000000000001
959,98.825
960,98.825
961,98.825
962,98.825
963,98.83
964,98.83
965,98.83
966,98.82
967,98.825
968,98.83
969,98.81
970,98.815
971,98.815
972,98.815
973,98.815
974,98.815
975,98.815
976,98.78999999999999
977,98.82499999999999
978,98.82
979,98.82
980,98.815
981,98.815
982,98.815
983,98.80000000000001
984,98.805
985,98.805
986,98.81
987,98.81
988,98.805
989,98.805
990,98.81
991,98.81
992,98.795
993,98.795
994,98.795
995,98.795
996,98.795
997,98.795
998,98.795
999,98.795
1000,98.74000000000001
1001,98.74000000000001
1002,98.74000000000001
1003,98.74000000000001
1004,98.74000000000001
1005,98.74000000000001
1006,98.74000000000001
1007,98.74000000000001
1008,98.74000000000001
1009,98.74000000000001
1010,98.74000000000001
1011,98.74000000000001
1012,98.74000000000001
1013,98.74000000000001
1014,98.74000000000001
1015,98.71000000000001
1016,98.71000000000001
1017,98.71000000000001
1018,98.71000000000001
1019,98.68
1020,98.68
1021,98.68
1022,98.68
1023,98.68
1024,98.66499999999999
1025,98.65
1026,98.65
1027,98.64500000000001
1028,98.64
1029,98.64
1030,98.64
1031,98.64
1032,98.64
1033,98.64
1034,98.64
1035,98.62
1036,98.62
1037,98.62
1038,98.62
1039,98.62
1040,98.62
1041,98.62
1042,98.595
1043,98.595
1044,98.595
1045,98.595
1046,98.575
1047,98.575
1048,98.565
1049,98.565
1050,98.57
1051,98.57
1052,98.57
1053,98.57
1054,98.57
1055,98.57
1056,98.57
1057,98.57
1058,98.57
1059,98.57
1060,98.57
1061,98.6
1062,98.58500000000001
1063,98.59
1064,98.59
1065,98.59
1066,98.59
1067,98.595
1068,98.6
1069,98.595
1070,98.595
1071,98.595
1072,98.595
1073,98.595
1074,98.595
1075,98.62
1076,98.62
1077,98.62
1078,98.65
1079,98.65
1080,98.65
1081,98.66499999999999
1082,98.7
1083,98.7
1084,98.7
1085,98.7
1086,98.7
1087,98.7
1088,98.7
1089,98.7
1090,98.7
1091,98.7
1092,98.7
1093,98.7
1094,98.7
1095,98.7
1096,98.7
1097,98.7
1098,98.7
1099,98.7
1100,98.745
1101,98.75
1102,98.77000000000001
1103,98.77
1104,98.77
1105,98.77
1106,98.77
1107,98.77
1108,98.77
1109,98.77
1110,98.77
1111,98.77
1112,98.77
1113,98.77
1114,98.77
1115,98.78999999999999
1116,98.78999999999999
1117,98.78999999999999
1118,98.78999999999999
1119,98.78999999999999
1120,98.78999999999999
1121,98.78999999999999
1122,98.78999999999999
1123,98.78999999999999
1124,98.78999999999999
1125,98.78999999999999
1126,98.78999999999999
1127,98.815
1128,98.815
1129,98.815
1130,98.815
1131,98.815
1132,98.815
1133,98.85499999999999
1134,98.83500000000001
1135,98.84
1136,98.84
1137,98.875
1138,98.875
1139,98.875
1140,98.9
1141,98.9
1142,98.9
1143,98.9
1144,98.9
1145,98.9
1146,98.9
1147,98.9
1148,98.9
1149,98.9
1150,98.9
1151,98.9
1152,98.9
1153,98.935
1154,98.935
1155,98.935
1156,98.935
1157,98.935
1158,98.935
1159,98.935
1160,98.935
1161,98.935
1162,98.935
1163,98.935
1164,98.935
1165,98.955
1166,98.955
1167,98.955
1168,98.965
1169,98.965
1170,98.97
1171,98.97
1172,98.97
1173,98.97
1174,98.97
1175,98.97
1176,98.99000000000001
1177,98.99000000000001
1178,98.99000000000001
1179,99.0
1180,99.00999999999999
1181,99.035
1182,99.03
1183,99.03
1184,99.03
1185,99.03
1186,99.03
1187,99.03
1188,99.03
1189,99.03
1190,99.03
1191,99.03
1192,99.055
1193,99.07
1194,99.07
1195,99.07
1196,99.07
1197,99.09
1198,99.1
1199,99.1
1200,99.1
1201,99.1
1202,99.10499999999999
1203,99.1
1204,99.1
1205,99.10499999999999
1206,99.10499999999999
1207,99.1
1208,99.10499999999999
1209,99.10499999999999
1210,99.1
1211,99.1
1212,99.1
1213,99.1
1214,99.1
1215,99.1
1216,99.1
1217,99.1
1218,99.11500000000001
1219,99.12
1220,99.12
1221,99.12
1222,99.125
1223,99.125
1224,99.125
1225,99.125
1226,99.15
1227,99.16
1228,99.16
1229,99.16
1230,99.18
1231,99.19
1232,99.19
1233,99.19
1234,99.2
1235,99.21000000000001
1236,99.21000000000001
1237,99.21000000000001
1238,99.215
1239,99.22
1240,99.245
1241,99.235
1242,99.235
1243,99.25999999999999
1244,99.25999999999999
1245,99.25999999999999
1246,99.25999999999999
1247,99.25999999999999
1248,99.25999999999999
1249,99.25999999999999
1250,99.25999999999999
1251,99.25999999999999
1252,99.25999999999999
1253,99.25999999999999
1254,99.25999999999999
1255,99.25999999999999
1256,99.25999999999999
1257,99.25999999999999
1258,99.25999999999999
1259,99.25999999999999
1260,99.25999999999999
1261,99.25999999999999
1262,99.25999999999999
1263,99.25999999999999
1264,99.25999999999999
1265,99.25999999999999
1266,99.25999999999999
1267,99.25999999999999
1268,99.25999999999999
1269,99.25999999999999
1270,99.25999999999999
1271,99.25999999999999
1272,99.25999999999999
1273,99.25999999999999
1274,99.29499999999999
1275,99.28999999999999
1276,99.28999999999999
1277,99.28999999999999
1278,99.28999999999999
1279,99.32499999999999
1280,99.32
1281,99.32
1282,99.32
1283,99.32
1284,99.32
1285,99.32
1286,99.35499999999999
1287,99.37
1288,99.38
1289,99.38
1290,99.38
1291,99.38
1292,99.38
1293,99.38
1294,99.38
1295,99.38
1296,99.38
1297,99.38
1298,99.38
1299,99.38
1300,99.38
1301,99.38499999999999
1302,99.38
1303,99.38
1304,99.38
1305,99.38
1306,99.38
1307,99.38
1308,99.38
1309,99.38
1310,99.39
1311,99.39
1312,99.39
1313,99.39
1314,99.4
1315,99.39500000000001
1316,99.4
1317,99.4
1318,99.4
1319,99.4
1320,99.405
1321,99.41
1322,99.41
1323,99.41
1324,99.41
1325,99.41
1326,99.41
1327,99.41
1328,99.41
1329,99.42
1330,99.42500000000001
1331,99.44
1332,99.445
1333,99.43
1334,99.43
1335,99.43
1336,99.43
1337,99.43
1338,99.43
1339,99.43
1340,99.43
1341,99.43
1342,99.43
1343,99.43
1344,99.455
1345,99.455
1346,99.455
1347,99.47
1348,99.465
1349,99.47
1350,99.47
1351,99.47
1352,99.47
1353,99.47
1354,99.47
1355,99.47
1356,99.47
1357,99.47
1358,99.47
1359,99.47
1360,99.495
1361,99.5
1362,99.5
1363,99.5
1364,99.5
1365,99.5
1366,99.5
1367,99.52000000000001
1368,99.53
1369,99.53
1370,99.53
1371,99.53
1372,99.53
1373,99.55000000000001
1374,99.55
1375,99.55
1376,99.55
1377,99.55
1378,99.55
1379,99.55
1380,99.55
1381,99.55
1382,99.55
1383,99.55
1384,99.55
1385,99.55
1386,99.56
1387,99.56
1388,99.56
1389,99.56
1390,99.575
1391,99.575
1392,99.575
1393,99.595
1394,99.595
1395,99.595
1396,99.595
1397,99.595
1398,99.595
1399,99.595
1400,99.60499999999999
1401,99.6
1402,99.6
1403,99.60499999999999
1404,99.6
1405,99.6
1406,99.60499999999999
1407,99.60499999999999
1408,99.6
1409,99.6
1410,99.60499999999999
1411,99.61500000000001
1412,99.62
1413,99.625
1414,99.625
1415,99.625
1416,99.625
1417,99.625
1418,99.625
1419,99.63
1420,99.63
1421,99.64
1422,99.64
1423,99.64
1424,99.64
1425,99.64
1426,99.64
1427,99.64
1428,99.64
1429,99.64
1430,99.64
1431,99.64
1432,99.64
1433,99.64
1434,99.67500000000001
1435,99.68
1436,99.68
1437,99.68
1438,99.68
1439,99.72
1440,99.755
1441,99.75
1442,99.75
1443,99.75
1444,99.75
1445,99.75
1446,99.75
1447,99.75
1448,99.775
1449,99.78
1450,99.78
1451,99.78
1452,99.78
1453,99.805
1454,99.82
1455,99.82
1456,99.82
1457,99.82
1458,99.82
1459,99.85499999999999
1460,99.85
1461,99.85
1462,99.925
1463,99.925
1464,99.925
1465,99.925
1466,99.925
1467,99.925
1468,99.94999999999999
1469,100.0
1470,99.935
1471,99.995
1472,100.0
1473,100.0
1474,100.0
1475,100.0
1476,100.0
1477,100.0
1478,100.0
1479,100.0
1480,100.0
1481,100.0
1482,100.0
1483,100.0
1484,100.0
1485,100.0
1486,100.0
1487,100.0
1488,100.0
1489,100.0
1490,100.0
1491,100.0
1492,100.0
1493,100.0
1494,100.0
1495,100.0
1496,100.045
1497,100.045
1498,100.07
1499,100.07
1500,100.07
1501,100.07
1502,100.07
1503,100.07
1504,100.07
1505,100.07
1506,100.07
1507,100.07
1508,100.07
1509,100.07
1510,100.08
1511,100.08
1512,100.08
1513,100.08
1514,100.105
1515,100.095
1516,100.11500000000001
1517,100.12
1518,100.13
1519,100.13
1520,100.13499999999999
1521,100.13
1522,100.14
1523,100.14
1524,100.15
1525,100.15
1526,100.15
1527,100.15
1528,100.15
1529,100.15
1530,100.15
1531,100.15
1532,100.15
1533,100.15
1534,100.15
1535,100.16999999999999
1536,100.17
1537,100.18
1538,100.18
1539,100.185
1540,100.185
1541,100.185
1542,100.185
1543,100.19
1544,100.19
1545,100.19
1546,100.19
1547,100.205
1548,100.205
1549,100.205
1550,100.205
1551,100.205
1552,100.205
1553,100.205
1554,100.205
1555,100.205
1556,100.205
1557,100.205
1558,100.205
1559,100.205
1560,100.205
1561,100.255
1562,100.25
1563,100.25
1564,100.25
1565,100.25
1566,100.25
1567,100.25
1568,100.25
1569,100.25
1570,100.25
1571,100.25
1572,100.25
1573,100.25
1574,100.25
1575,100.25
1576,100.25
1577,100.25
1578,100.25
1579,100.25
1580,100.25
1581,100.25
1582,100.25
1583,100.25
1584,100.25
1585,100.25
1586,100.25
1587,100.25
1588,100.25
1589,100.33000000000001
1590,100.33
1591,100.33
1592,100.35
1593,100.35
1594,100.39500000000001
1595,100.39
1596,100.315
1597,100.315
1598,100.315
1599,100.315
1600,100.315
1601,100.35
1602,100.35
1603,100.37
1604,100.37
1605,100.37
1606,100.38
1607,100.38
1608,100.38
1609,100.38
1610,100.38
1611,100.38
1612,100.415
1613,100.4
1614,100.41
1615,100.4
1616,100.4
1617,100.4
1618,100.4
1619,100.4
1620,100.4
1621,100.4
1622,100.4
1623,100.4
1624,100.4
1625,100.4
1626,100.4
1627,100.4
1628,100.42
1629,100.41
1630,100.41
1631,100.405
1632,100.405
1633,100.405
1634,100.405
1635,100.41
1636,100.41
1637,100.41
1638,100.39
1639,100.395
1640,100.405
1641,100.405
1642,100.405
1643,100.41
1644,100.41
1645,100.41
1646,100.43
1647,100.41
1648,100.41
1649,100.41
1650,100.41
1651,100.41
1652,100.41
1653,100.41
1654,100.41
1655,100.41
1656,100.41
1657,100.41499999999999
1658,100.41
1659,100.41
1660,100.41
1661,100.41
1662,100.41
1663,100.42
1664,100.42
1665,100.4
1666,100.41
1667,100.41499999999999
1668,100.41499999999999
1669,100.4
1670,100.405
1671,100.405
1672,100.405
1673,100.405
1674,100.425
1675,100.425
1676,100.425
1677,100.425
1678,100.425
1679,100.425
1680,100.395
1681,100.4
1682,100.41499999999999
1683,100.41999999999999
1684,100.41999999999999
1685,100.42
1686,100.42
1687,100.41
1688,100.41
1689,100.41
1690,100.425
1691,100.41999999999999
1692,100.41
1693,100.41499999999999
1694,100.41
1695,100.41
1696,100.41
1697,100.41
1698,100.41
1699,100.41
1700,100.41
1701,100.41
1702,100.41
1703,100.41
1704,100.41
1705,100.41
1706,100.41
1707,100.41
1708,100.41
1709,100.41
1710,100.41
1711,100.41
1712,100.41
1713,100.405
1714,100.405
1715,100.405
1716,100.405
1717,100.4
1718,100.4
1719,100.4
1720,100.4
1721,100.4
1722,100.4
1723,100.4
1724,100.4
1725,100.4
1726,100.4
1727,100.4
1728,100.4
1729,100.4
1730,100.4
1731,100.4
1732,100.4
1733,100.4
1734,100.4
1735,100.4
1736,100.4
1737,100.4
1738,100.4
1739,100.4
1740,100.4
1741,100.4
1742,100.4
1743,100.4
1744,100.4
1745,100.39
1746,100.39
1747,100.39
1748,100.39
1749,100.39
1750,100.39
1751,100.39
1752,100.39
1753,100.39
1754,100.39
1755,100.39
1756,100.39
1757,100.39
1758,100.39
1759,100.39
1760,100.39
1761,100.39
1762,100.39
1763,100.39
1764,100.39
1765,100.39
1766,100.32
1767,100.32
1768,100.32
1769,100.32
1770,100.32
1771,100.32
1772,100.32
1773,100.32
1774,100.32
1775,100.32
1776,100.32
1777,100.32
1778,100.32
1779,100.32
1780,100.32
1781,100.32
1782,100.285
1783,100.28
1784,100.25999999999999
1785,100.25999999999999
1786,100.235
1787,100.235
1788,100.235
1789,100.22
1790,100.22
1791,100.22
1792,100.22
1793,100.22
1794,100.22
1795,100.22
1796,100.22
1797,100.22
1798,100.22
1799,100.22
1800,100.185
1801,100.185
1802,100.16499999999999
1803,100.17
1804,100.17
1805,100.17
1806,100.17
1807,100.195
1808,100.18
1809,100.175
1810,100.17
1811,100.17
1812,100.17
1813,100.17
1814,100.17
1815,100.17
1816,100.17
1817,100.17
1818,100.17
1819,100.17
1820,100.17
1821,100.17
1822,100.17
1823,100.17
1824,100.08500000000001
1825,100.09
1826,100.09
1827,100.09
1828,100.09
1829,100.09
1830,100.09
1831,100.09
1832,100.09
1833,100.045
1834,100.045
1835,100.02000000000001
1836,100.00999999999999
1837,100.00999999999999
1838,100.005
1839,100.0
1840,100.0
1841,100.0
1842,100.0
1843,100.0
1844,100.0
1845,100.0
1846,100.0
1847,99.93
1848,99.885
1849,99.89
1850,99.84
1851,99.84
1852,99.84
1853,99.84
1854,99.84
1855,99.81
1856,99.81
1857,99.795
1858,99.795
1859,99.795
1860,99.795
1861,99.795
1862,99.795
1863,99.795
1864,99.795
1865,99.795
1866,99.795
1867,99.795
1868,99.795
1869,99.795
1870,99.77000000000001
1871,99.75999999999999
1872,99.75999999999999
1873,99.75999999999999
1874,99.75999999999999
1875,99.745
1876,99.75
1877,99.75
1878,99.75
1879,99.75
1880,99.75
1881,99.75
1882,99.75
1883,99.75
1884,99.75
1885,99.75
1886,99.695
1887,99.69
1888,99.69
1889,99.66499999999999
1890,99.66
1891,99.645
1892,99.64
1893,99.64
1894,99.64
1895,99.64
1896,99.64
1897,99.64
1898,99.64
1899,99.64
1900,99.64
1901,99.64
1902,99.64
1903,99.64
1904,99.62
1905,99.62
1906,99.62
1907,99.62
1908,99.62
1909,99.62
1910,99.62
1911,99.62
1912,99.62
1913,99.62
1914,99.62
1915,99.58500000000001
1916,99.59
1917,99.59
1918,99.59
1919,99.59
1920,99.59
1921,99.59
1922,99.59
1923,99.59
1924,99.59
1925,99.59
1926,99.59
1927,99.56
1928,99.56
1929,99.545
1930,99.545
1931,99.52000000000001
1932,99.52
1933,99.52
1934,99.495
1935,99.5
1936,99.5
1937,99.5
1938,99.5
1939,99.5
1940,99.5
1941,99.5
1942,99.5
1943,99.485
1944,99.485
1945,99.485
1946,99.485
1947,99.455
1948,99.455
1949,99.455
1950,99.455
1951,99.455
1952,99.455
1953,99.455
1954,99.455
1955,99.455
1956,99.455
1957,99.455
1958,99.42
1959,99.42
1960,99.42
1961,99.42
1962,99.42
1963,99.42
1964,99.42
1965,99.42
1966,99.42
1967,99.4
1968,99.39
1969,99.39
1970,99.39
1971,99.39
1972,99.39
1973,99.39
1974,99.39
1975,99.39
1976,99.39
1977,99.39
1978,99.39
1979,99.38499999999999
1980,99.38
1981,99.38
1982,99.38
1983,99.35
1984,99.35
1985,99.35
1986,99.35
1987,99.35
1988,99.35
1989,99.35
1990,99.33500000000001
1991,99.34
1992,99.33
1993,99.33500000000001
1994,99.32
1995,99.32
1996,99.32
1997,99.32
1998,99.32
1999,99.32
2000,99.28999999999999
2001,99.28999999999999
2002,99.28999999999999
2003,99.275
2004,99.27
2005,99.27
2006,99.27
2007,99.27
2008,99.27
2009,99.27
2010,99.26499999999999
2011,99.25999999999999
2012,99.25999999999999
2013,99.25999999999999
2014,99.25999999999999
2015,99.25999999999999
2016,99.25999999999999
2017,99.25
2018,99.25
2019,99.25
2020,99.25
2021,99.25
2022,99.25
2023,99.25
2024,99.25
2025,99.25
2026,99.25
2027,99.25
2028,99.25
2029,99.25
2030,99.25
2031,99.25
2032,99.25
2033,99.25
2034,99.25
2035,99.25
2036,99.25
2037,99.25
2038,99.175
2039,99.17
2040,99.17
2041,99.13499999999999
2042,99.11500000000001
2043,99.12
2044,99.12
2045,99.12
2046,99.12
2047,99.12
2048,99.12
2049,99.12
2050,99.12
2051,99.12
2052,99.12
2053,99.12
2054,99.12
2055,99.12
2056,99.12
2057,99.12
2058,99.12
2059,99.12
2060,99.12
2061,99.12
2062,99.12
2063,99.12
2064,99.075
2065,99.075
2066,99.075
2067,99.075
2068,99.05000000000001
2069,99.05
2070,99.06
2071,99.06
2072,99.045
2073,99.045
2074,99.045
2075,99.045
2076,99.045
2077,99.035
2078,99.03
2079,99.03
2080,99.03
2081,99.03
2082,99.03
2083,99.03
2084,99.03
2085,99.03
2086,99.03
2087,99.03
2088,99.03
2089,99.03
2090,99.03
2091,99.0
2092,99.0
2093,99.0
2094,99.0
2095,99.0
2096,99.0
2097,99.0
2098,98.97
2099,98.97
2100,98.97
2101,98.97
2102,98.97
2103,98.97
2104,98.97
2105,98.97
2106,98.97
2107,98.97
2108,98.97
2109,98.97
2110,98.97
2111,98.97
2112,98.97
2113,98.935
2114,98.935
2115,98.935
2116,98.935
2117,98.91499999999999
2118,98.91
2119,98.91
2120,98.905
2121,98.905
2122,98.905
2123,98.905
2124,98.89
2125,98.89
2126,98.89
2127,98.89
2128,98.89
2129,98.88
2130,98.87
2131,98.87
2132,98.87
2133,98.855
2134,98.84
2135,98.84
2136,98.84
2137,98.84
2138,98.84
2139,98.84
2140,98.84
2141,98.84
2142,98.84
2143,98.84
2144,98.84
2145,98.815
2146,98.815
2147,98.815
2148,98.8
2149,98.8
2150,98.805
2151,98.81
2152,98.81
2153,98.81
2154,98.81
2155,98.81
2156,98.81
2157,98.81
2158,98.81
2159,98.81
2160,98.78999999999999
2161,98.78999999999999
2162,98.78999999999999
2163,98.78999999999999
2164,98.78
2165,98.78
2166,98.78
2167,98.78
2168,98.765
2169,98.765
2170,98.765
2171,98.765
2172,98.765
2173,98.765
2174,98.74000000000001
2175,98.74000000000001
2176,98.74000000000001
2177,98.74000000000001
2178,98.72
2179,98.72
2180,98.72
2181,98.72
2182,98.72
2183,98.72
2184,98.72
2185,98.72
2186,98.72
2187,98.72
2188,98.72
2189,98.72
2190,98.72
2191,98.72
2192,98.71000000000001
2193,98.71000000000001
2194,98.70500000000001
2195,98.685
2196,98.685
2197,98.685
2198,98.685
2199,98.685
2200,98.66499999999999
2201,98.66
2202,98.66
2203,98.66
2204,98.66
2205,98.66
2206,98.66
2207,98.66
2208,98.66
2209,98.66
2210,98.66
2211,98.66
2212,98.66
2213,98.625
2214,98.625
2215,98.595
2216,98.58
2217,98.58
2218,98.58
2219,98.58
2220,98.58
2221,98.57499999999999
2222,98.57
2223,98.57
2224,98.57
2225,98.57
2226,98.57
2227,98.56
2228,98.555
2229,98.56
2230,98.545
2231,98.535
2232,98.53
2233,98.53
2234,98.53
2235,98.53
2236,98.53
2237,98.525
2238,98.53
2239,98.53
2240,98.53
2241,98.52
2242,98.50999999999999
2243,98.50999999999999
2244,98.505
2245,98.5
2246,98.5
2247,98.5
2248,98.495
2249,98.495
2250,98.5
2251,98.5
2252,98.49000000000001
2253,98.48500000000001
2254,98.49000000000001
2255,98.49000000000001
2256,98.49000000000001
2257,98.49000000000001
2258,98.49000000000001
2259,98.49000000000001
2260,98.49000000000001
2261,98.49000000000001
2262,98.49000000000001
2263,98.49000000000001
2264,98.49000000000001
2265,98.49000000000001
2266,98.49000000000001
2267,98.475
2268,98.465
2269,98.465
2270,98.47
2271,98.47
2272,98.47
2273,98.47
2274,98.47
2275,98.44999999999999
2276,98.45
2277,98.44
2278,98.44
2279,98.44
2280,98.41999999999999
2281,98.42
2282,98.435
2283,98.435
2284,98.435
2285,98.435
2286,98.435
2287,98.435
2288,98.435
2289,98.41499999999999
2290,98.41
2291,98.41
2292,98.41
2293,98.41
2294,98.41
2295,98.41
2296,98.395
2297,98.39
2298,98.375
2299,98.375
2300,98.375
2301,98.375
2302,98.375
2303,98.375
2304,98.375
2305,98.375
2306,98.375
2307,98.36
2308,98.35499999999999
2309,98.35
2310,98.345
2311,98.345
2312,98.345
2313,98.345
2314,98.345
2315,98.345
2316,98.345
2317,98.345
2318,98.345
2319,98.33
2320,98.33
2321,98.33
2322,98.32
2323,98.32
2324,98.32
2325,98.32
2326,98.32
2327,98.31
2328,98.31
2329,98.31
2330,98.31
2331,98.31
2332,98.31
2333,98.31
2334,98.31
2335,98.31
2336,98.31
2337,98.31
2338,98.31
2339,98.31
2340,98.31
2341,98.31
2342,98.285
2343,98.28
2344,98.28
2345,98.28
2346,98.28
2347,98.28
2348,98.28
2349,98.28
2350,98.28
2351,98.28
2352,98.28
2353,98.265
2354,98.265
2355,98.265
2356,98.265
2357,98.265
2358,98.265
2359,98.265
2360,98.25
2361,98.25
2362,98.24000000000001
2363,98.24000000000001
2364,98.24000000000001
2365,98.24000000000001
2366,98.24000000000001
2367,98.24000000000001
2368,98.24000000000001
2369,98.24000000000001
2370,98.24000000000001
2371,98.24000000000001
2372,98.24000000000001
2373,98.24000000000001
2374,98.24000000000001
2375,98.225
2376,98.22
2377,98.22
2378,98.21000000000001
2379,98.21000000000001
2380,98.20500000000001
2381,98.21000000000001
2382,98.21000000000001
2383,98.21000000000001
2384,98.21000000000001
2385,98.21000000000001
2386,98.21000000000001
2387,98.21000000000001
2388,98.21000000000001
2389,98.21000000000001
2390,98.21000000000001
2391,98.21000000000001
2392,98.21000000000001
2393,98.21000000000001
2394,98.21000000000001
2395,98.21000000000001
2396,98.195
2397,98.195
2398,98.195
2399,98.18
2400,98.18
2401,98.18
2402,98.17500000000001
2403,98.18
2404,98.18
2405,98.17
2406,98.17
2407,98.17
2408,98.17
2409,98.17
2410,98.17
2411,98.17
2412,98.16499999999999
2413,98.16
2414,98.16
2415,98.16
2416,98.16
2417,98.16
2418,98.16
2419,98.16
2420,98.16
2421,98.15
2422,98.15
2423,98.14
2424,98.14
2425,98.13999999999999
2426,98.14
2427,98.13
2428,98.13
2429,98.12
2430,98.11500000000001
2431,98.12
2432,98.12
2433,98.12
2434,98.12
2435,98.12
2436,98.11
2437,98.1
2438,98.1
2439,98.1
2440,98.1
2441,98.08500000000001
2442,98.09
2443,98.09
2444,98.09
2445,98.075
2446,98.075
2447,98.075
2448,98.075
2449,98.065
2450,98.07
2451,98.07
2452,98.065
2453,98.065
2454,98.065
2455,98.065
2456,98.065
2457,98.065
2458,98.065
2459,98.065
2460,98.065
2461,98.05
2462,98.05
2463,98.05
2464,98.05
2465,98.03999999999999
2466,98.03999999999999
2467,98.035
2468,98.03
2469,98.03
2470,98.03
2471,98.03
2472,98.025
2473,98.03
2474,98.03
2475,98.02
2476,98.02
2477,98.02
2478,98.02
2479,98.02
2480,98.02
2481,98.02
2482,98.02
2483,98.02
2484,98.02
2485,98.02
2486,98.02
2487,98.02
2488,98.02
2489,97.99
2490,97.97
2491,97.97
2492,97.97
2493,97.97
2494,97.97
2495,97.96000000000001
2496,97.96000000000001
2497,97.96000000000001
2498,97.96000000000001
2499,97.96000000000001
2500,97.96000000000001
2501,97.945
2502,97.94
2503,97.94
2504,97.94
2505,97.94
2506,97.94
2507,97.94
2508,97.94
2509,97.94
2510,97.93
2511,97.93
2512,97.92
2513,97.92
2514,97.91499999999999
2515,97.91
2516,97.91
2517,97.91
2518,97.91
2519,97.91
2520,97.91
2521,97.91
2522,97.91
2523,97.91
2524,97.91
2525,97.91
2526,97.91
2527,97.91
2528,97.91
2529,97.91
2530,97.91
2531,97.91
2532,97.91
2533,97.91
2534,97.88499999999999
2535,97.88
2536,97.87
2537,97.87
2538,97.87
2539,97.87
2540,97.87
2541,97.87
2542,97.87
2543,97.87
2544,97.86500000000001
2545,97.87
2546,97.87
2547,97.87
2548,97.87
2549,97.87
2550,97.87
2551,97.87
2552,97.85
2553,97.85
2554,97.85
2555,97.83000000000001
2556,97.83
2557,97.83
2558,97.83
2559,97.815
2560,97.815
2561,97.815
2562,97.815
2563,97.815
2564,97.815
2565,97.815
2566,97.815
2567,97.795
2568,97.795
2569,97.805
2570,97.81
2571,97.81
2572,97.78999999999999
2573,97.785
2574,97.78
2575,97.78
2576,97.78
2577,97.765
2578,97.775
2579,97.765
2580,97.765
2581,97.765
2582,97.765
2583,97.765
2584,97.765
2585,97.765
2586,97.765
2587,97.765
2588,97.765
2589,97.765
2590,97.765
2591,97.765
2592,97.765
2593,97.765
2594,97.745
2595,97.74000000000001
2596,97.74000000000001
2597,97.73500000000001
2598,97.74000000000001
2599,97.73500000000001
2600,97.74000000000001
2601,97.74000000000001
2602,97.74000000000001
2603,97.74000000000001
2604,97.74000000000001
2605,97.74000000000001
2606,97.74000000000001
2607,97.71000000000001
2608,97.71000000000001
2609,97.69
2610,97.69
2611,97.69
2612,97.69
2613,97.69
2614,97.69
2615,97.69
2616,97.69
2617,97.69
2618,97.69
2619,97.69
2620,97.69
2621,97.69
2622,97.69
2623,97.66
2624,97.66
2625,97.66
2626,97.63999999999999
2627,97.64
2628,97.64
2629,97.64
2630,97.64
2631,97.625
2632,97.625
2633,97.625
2634,97.625
2635,97.625
2636,97.61
2637,97.61
2638,97.61
2639,97.61
2640,97.61
2641,97.61
2642,97.59
2643,97.59
2644,97.59
2645,97.59
2646,97.59
2647,97.59
2648,97.575
2649,97.575
2650,97.575
2651,97.56
2652,97.555
2653,97.56
2654,97.56
2655,97.56
2656,97.56
2657,97.56
2658,97.56
2659,97.545
2660,97.545
2661,97.545
2662,97.545
2663,97.545
2664,97.545
2665,97.545
2666,97.545
2667,97.525
2668,97.53
2669,97.53
2670,97.53
2671,97.53
2672,97.53
2673,97.53
2674,97.53
2675,97.53
2676,97.53
2677,97.53
2678,97.53
2679,97.53
2680,97.53
2681,97.53
2682,97.505
2683,97.5
2684,97.485
2685,97.485
2686,97.47999999999999
2687,97.48
2688,97.48
2689,97.48
2690,97.465
2691,97.455
2692,97.445
2693,97.44
2694,97.44
2695,97.44
2696,97.435
2697,97.435
2698,97.435
2699,97.435
2700,97.435
2701,97.435
2702,97.435
2703,97.435
2704,97.435
2705,97.435
2706,97.435
2707,97.435
2708,97.435
2709,97.435
2710,97.42
2711,97.42
2712,97.41
2713,97.41
2714,97.41
2715,97.41
2716,97.41
2717,97.41
2718,97.41
2719,97.41
2720,97.41
2721,97.41
2722,97.4
2723,97.4
2724,97.4
2725,97.4
2726,97.4
2727,97.4
2728,97.4
2729,97.4
2730,97.4
2731,97.4
2732,97.4
2733,97.4
2734,97.4
2735,97.375
2736,97.375
2737,97.355
2738,97.36
2739,97.35
2740,97.35
2741,97.35
2742,97.35
2743,97.34
2744,97.33500000000001
2745,97.34
2746,97.34
2747,97.325
2748,97.33
2749,97.33
2750,97.32
2751,97.32
2752,97.32
2753,97.32
2754,97.32
2755,97.32
2756,97.32
2757,97.32
2758,97.305
2759,97.30000000000001
2760,97.3
2761,97.3
2762,97.3
2763,97.3
2764,97.3
2765,97.3
2766,97.3
2767,97.3
2768,97.275
2769,97.265
2770,97.25
2771,97.25
2772,97.25
2773,97.25
2774,97.25
2775,97.235
2776,97.235
2777,97.235
2778,97.235
2779,97.235
2780,97.235
2781,97.235
2782,97.22
2783,97.22
2784,97.22
2785,97.22
2786,97.22
2787,97.22
2788,97.19999999999999
2789,97.195
2790,97.19
2791,97.19
2792,97.19
2793,97.19
2794,97.19
2795,97.16999999999999
2796,97.17
2797,97.17
2798,97.17
2799,97.17
2800,97.17
2801,97.17
2802,97.17
2803,97.17
2804,97.17
2805,97.17
2806,97.17
2807,97.15
2808,97.15
2809,97.14
2810,97.14
2811,97.14
2812,97.14
2813,97.14
2814,97.14
2815,97.125
2816,97.12
2817,97.12
2818,97.12
2819,97.12
2820,97.12
2821,97.12
2822,97.12
2823,97.12
2824,97.12
2825,97.12
2826,97.12
2827,97.12
2828,97.12
2829,97.1
2830,97.09
2831,97.095
2832,97.095
2833,97.095
2834,97.095
2835,97.095
2836,97.095
2837,97.07
2838,97.07
2839,97.07
2840,97.07
2841,97.07
2842,97.06
2843,97.06
2844,97.05
2845,97.05
2846,97.05
2847,97.05
2848,97.03999999999999
2849,97.03999999999999
2850,97.03999999999999
2851,97.03999999999999
2852,97.03999999999999
2853,97.03999999999999
2854,97.03999999999999
2855,97.03999999999999
2856,97.03999999999999
2857,97.03999999999999
2858,97.03999999999999
2859,97.03999999999999
2860,97.03999999999999
2861,97.03999999999999
2862,97.03999999999999
2863,97.03999999999999
2864,97.03999999999999
2865,97.02000000000001
2866,97.02
2867,97.02
2868,97.02
2869,97.02
2870,97.02
2871,97.02
2872,97.02
2873,97.02
2874,97.0
2875,97.0
2876,97.0
2877,97.0
2878,97.0
2879,97.0
2880,96.975
2881,96.96000000000001
2882,96.975
2883,96.97
2884,96.97
2885,96.97
2886,96.97
2887,96.97
2888,96.97
2889,96.97
2890,96.97
2891,96.97
2892,96.97
2893,96.94
2894,96.94
2895,96.94
2896,96.94
2897,96.94
2898,96.91999999999999
2899,96.905
2900,96.905
2901,96.905
2902,96.905
2903,96.905
2904,96.905
2905,96.905
2906,96.905
2907,96.905
2908,96.88499999999999
2909,96.88
2910,96.88
2911,96.88
2912,96.88
2913,96.87
2914,96.86500000000001
2915,96.87
2916,96.87
2917,96.87
2918,96.87
2919,96.87
2920,96.87
2921,96.87
2922,96.87
2923,96.87
2924,96.87
2925,96.855
2926,96.86
2927,96.86
2928,96.825
2929,96.86
2930,96.86
2931,96.86
2932,96.86
2933,96.86
2934,96.86
2935,96.86
2936,96.9
2937,96.88499999999999
2938,96.88499999999999
2939,96.88499999999999
2940,96.88
2941,96.88
2942,96.845
2943,96.86
2944,96.87
2945,96.87
2946,96.875
2947,96.91
2948,96.87
2949,96.875
2950,96.875
2951,96.875
2952,96.875
2953,96.875
2954,96.875
2955,96.875
2956,96.875
2957,96.875
2958,96.875
2959,96.875
2960,96.875
2961,96.875
2962,96.875
2963,96.875
2964,96.875
2965,96.875
2966,96.88499999999999
2967,96.875
2968,96.875
2969,96.85
2970,96.86500000000001
2971,96.86
2972,96.86
2973,96.86
2974,96.86
2975,96.86
2976,96.86
2977,96.86
2978,96.86
2979,96.86
2980,96.86
2981,96.86
2982,96.86
2983,96.85
2984,96.84
2985,96.84
2986,96.84
2987,96.83
2988,96.83
2989,96.83
2990,96.83
2991,96.83
2992,96.83
2993,96.83
2994,96.83
2995,96.83
2996,96.83
2997,96.83
2998,96.82
2999,96.82
3000,96.82
3001,96.82
3002,96.82
3003,96.82
3004,96.82
3005,96.81
3006,96.805
3007,96.81
3008,96.81
3009,96.81
3010,96.81
3011,96.8
3012,96.8
3013,96.79499999999999
3014,96.78999999999999
3015,96.78999999999999
3016,96.79499999999999
3017,96.78999999999999
3018,96.78999999999999
3019,96.78999999999999
3020,96.78999999999999
3021,96.78999999999999
3022,96.78999999999999
3023,96.78999999999999
3024,96.78999999999999
3025,96.78999999999999
3026,96.78999999999999
3027,96.78999999999999
3028,96.78999999999999
3029,96.78999999999999
3030,96.78999999999999
3031,96.78999999999999
3032,96.78999999999999
3033,96.78999999999999
3034,96.78999999999999
3035,96.78999999999999
3036,96.78999999999999
3037,96.78999999999999
3038,96.775
3039,96.78
3040,96.78
3041,96.78
3042,96.78
3043,96.765
3044,96.755
3045,96.75
3046,96.75
3047,96.745
3048,96.75
3049,96.735
3050,96.735
3051,96.735
3052,96.735
3053,96.735
3054,96.735
3055,96.735
3056,96.735
3057,96.735
3058,96.735
3059,96.735
3060,96.735
3061,96.735
3062,96.715
3063,96.72
3064,96.72
3065,96.72
3066,96.715
3067,96.705
3068,96.715
3069,96.72
3070,96.72
3071,96.695
3072,96.705
3073,96.705
3074,96.69
3075,96.66999999999999
3076,96.67
3077,96.655
3078,96.655
3079,96.655
3080,96.655
3081,96.63499999999999
3082,96.625
3083,96.625
3084,96.61500000000001
3085,96.62
3086,96.62
3087,96.62
3088,96.62
3089,96.62
3090,96.62
3091,96.61500000000001
3092,96.59
3093,96.59
3094,96.59
3095,96.59
3096,96.59
3097,96.59
3098,96.59
3099,96.59
3100,96.59
3101,96.59
3102,96.59
3103,96.60499999999999
3104,96.595
3105,96.595
3106,96.595
3107,96.595
3108,96.58
3109,96.59
3110,96.58500000000001
3111,96.58
3112,96.53999999999999
3113,96.575
3114,96.56
3115,96.57
3116,96.57
3117,96.57
3118,96.57
3119,96.57
3120,96.57
3121,96.57
3122,96.57
3123,96.57
3124,96.57
3125,96.57
3126,96.58
3127,96.58
3128,96.58500000000001
3129,96.59
3130,96.595
3131,96.595
3132,96.595
3133,96.595
3134,96.595
3135,96.595
3136,96.595
3137,96.595
3138,96.595
3139,96.595
3140,96.595
3141,96.595
3142,96.595
3143,96.66
3144,96.66
3145,96.66
3146,96.66
3147,96.66
3148,96.66
3149,96.66
3150,96.66
3151,96.66
3152,96.66
3153,96.66
3154,96.66
3155,96.66
3156,96.66
3157,96.66
3158,96.66
3159,96.66
3160,96.705
3161,96.705
3162,96.705
3163,96.705
3164,96.715
3165,96.71000000000001
3166,96.715
3167,96.72
3168,96.72
3169,96.72
3170,96.72
3171,96.72
3172,96.72
3173,96.72
3174,96.72
3175,96.72
3176,96.735
3177,96.735
3178,96.735
3179,96.735
3180,96.735
3181,96.735
3182,96.735
3183,96.735
3184,96.735
3185,96.735
3186,96.735
3187,96.735
3188,96.735
3189,96.735
3190,96.735
3191,96.735
3192,96.72
3193,96.735
3194,96.735
3195,96.735
3196,96.735
3197,96.735
3198,96.735
3199,96.735
3200,96.735
3201,96.735
3202,96.735
3203,96.735
3204,96.735
3205,96.735
3206,96.735
3207,96.735
3208,96.735
3209,96.735
3210,96.735
3211,96.735
3212,96.735
3213,96.735
3214,96.735
3215,96.735
3216,96.735
3217,96.735
3218,96.735
3219,96.725
3220,96.72
3221,96.72
3222,96.72
3223,96.72
3224,96.72
3225,96.715
3226,96.72
3227,96.715
3228,96.72
3229,96.72
3230,96.72
3231,96.72
3232,96.715
3233,96.72
3234,96.72
3235,96.69
3236,96.69
3237,96.69
3238,96.675
3239,96.69
3240,96.69
3241,96.69
3242,96.675
3243,96.66499999999999
3244,96.66
3245,96.66
3246,96.66
3247,96.66
3248,96.66
3249,96.66
3250,96.66
3251,96.66
3252,96.66
3253,96.66
3254,96.66
3255,96.66
3256,96.675
3257,96.67
3258,96.67
3259,96.67
3260,96.67
3261,96.67
3262,96.67
3263,96.67
3264,96.67
3265,96.67
3266,96.67
3267,96.67
3268,96.64500000000001
3269,96.66
3270,96.66
3271,96.66
3272,96.66
3273,96.66
3274,96.66
3275,96.66
3276,96.66
3277,96.66
3278,96.66
3279,96.66
3280,96.66
3281,96.66
3282,96.66
3283,96.66
3284,96.66
3285,96.66
3286,96.66
3287,96.66
3288,96.66
3289,96.66
3290,96.66
3291,96.62
3292,96.615
3293,96.61
3294,96.61
3295,96.61
3296,96.61
3297,96.59
3298,96.59
3299,96.59
3300,96.575
3301,96.575
3302,96.575
3303,96.575
3304,96.575
3305,96.575
3306,96.575
3307,96.575
3308,96.575
3309,96.575
3310,96.575
3311,96.575
3312,96.575
3313,96.575
3314,96.575
3315,96.575
3316,96.575
3317,96.555
3318,96.55
3319,96.55
3320,96.55
3321,96.55
3322,96.55
3323,96.55
3324,96.55
3325,96.55
3326,96.55
3327,96.55
3328,96.55
3329,96.55
3330,96.535
3331,96.53
3332,96.52
3333,96.51499999999999
3334,96.50999999999999
3335,96.50999999999999
3336,96.505
3337,96.5
3338,96.5
3339,96.5
3340,96.5
3341,96.495
3342,96.495
3343,96.49000000000001
3344,96.49000000000001
3345,96.49000000000001
3346,96.49000000000001
3347,96.49000000000001
3348,96.49000000000001
3349,96.49000000000001
3350,96.49000000000001
3351,96.49000000000001
3352,96.49000000000001
3353,96.49000000000001
3354,96.49000000000001
3355,96.49000000000001
3356,96.49000000000001
3357,96.49000000000001
3358,96.49000000000001
3359,96.49000000000001
3360,96.49000000000001
3361,96.475
3362,96.47
3363,96.47
3364,96.47
3365,96.47
3366,96.47
3367,96.47
3368,96.47
3369,96.465
3370,96.47
3371,96.47
3372,96.46000000000001
3373,96.46000000000001
3374,96.45
3375,96.45
3376,96.445
3377,96.44
3378,96.435
3379,96.435
3380,96.435
3381,96.435
3382,96.435
3383,96.435
3384,96.435
3385,96.435
3386,96.435
3387,96.435
3388,96.435
3389,96.435
3390,96.435
3391,96.435
3392,96.435
3393,96.435
3394,96.435
3395,96.435
3396,96.435
3397,96.435
3398,96.435
3399,96.42
3400,96.42
3401,96.42
3402,96.42
3403,96.42
3404,96.42
3405,96.405
3406,96.405
3407,96.405
3408,96.39500000000001
3409,96.4
3410,96.4
3411,96.4
3412,96.4
3413,96.4
3414,96.4
3415,96.4
3416,96.4
3417,96.4
3418,96.4
3419,96.4
3420,96.39
3421,96.39
3422,96.39
3423,96.38
3424,96.38499999999999
3425,96.38
3426,96.38
3427,96.38
3428,96.38
3429,96.37
3430,96.37
3431,96.37
3432,96.37
3433,96.37
3434,96.37
3435,96.36500000000001
3436,96.37
3437,96.36
3438,96.36
3439,96.36
3440,96.36
3441,96.35
3442,96.35
3443,96.345
3444,96.33500000000001
3445,96.34
3446,96.34
3447,96.34
3448,96.34
3449,96.34
3450,96.33
3451,96.33
3452,96.33
3453,96.32
3454,96.32
3455,96.32
3456,96.32
3457,96.32
3458,96.32
3459,96.32
3460,96.31
3461,96.31
3462,96.31
3463,96.3
3464,96.3
3465,96.3
3466,96.3
3467,96.285
3468,96.28
3469,96.28
3470,96.28
3471,96.28
3472,96.28
3473,96.27
3474,96.275
3475,96.28
3476,96.28
3477,96.28
3478,96.28
3479,96.28
3480,96.28
3481,96.28
3482,96.28
3483,96.28
3484,96.28
3485,96.28
3486,96.28
3487,96.265
3488,96.265
3489,96.265
3490,96.265
3491,96.265
3492,96.265
3493,96.265
3494,96.265
3495,96.265
3496,96.265
3497,96.25
3498,96.25
3499,96.25
3500,96.25
3501,96.245
3502,96.25
3503,96.25
3504,96.25
3505,96.25
3506,96.25
3507,96.25
3508,96.25
3509,96.25
3510,96.25
3511,96.25
3512,96.25
3513,96.25
3514,96.25
3515,96.235
3516,96.22
3517,96.215
3518,96.22
3519,96.22
3520,96.21000000000001
3521,96.21000000000001
3522,96.20500000000001
3523,96.21000000000001
3524,96.20500000000001
3525,96.21000000000001
3526,96.2
3527,96.2
3528,96.195
3529,96.19
3530,96.19
3531,96.19
3532,96.19
3533,96.19
3534,96.19
3535,96.19
3536,96.185
3537,96.18
3538,96.18
3539,96.18
3540,96.18
3541,96.18
3542,96.17500000000001
3543,96.17500000000001
3544,96.18
3545,96.18
3546,96.17
3547,96.17
3548,96.17
3549,96.17
3550,96.17
3551,96.17
3552,96.17
3553,96.16499999999999
3554,96.16
3555,96.16
3556,96.16
3557,96.16
3558,96.16
3559,96.15
3560,96.15
3561,96.14500000000001
3562,96.14500000000001
3563,96.14
3564,96.14
3565,96.14
3566,96.14
3567,96.14
3568,96.14
3569,96.14
3570,96.14
3571,96.14
3572,96.14
3573,96.14
3574,96.14
3575,96.13
3576,96.13
3577,96.13
3578,96.12
3579,96.12
3580,96.12
3581,96.12
3582,96.12
3583,96.12
3584,96.12
3585,96.12
3586,96.12
3587,96.12
3588,96.12
3589,96.12
3590,96.12
3591,96.12
3592,96.12
3593,96.11
3594,96.11
3595,96.11
3596,96.11
3597,96.10499999999999
3598,96.1
3599,96.1
3600,96.1
3601,96.1
3602,96.095
3603,96.095
3604,96.095
3605,96.095
3606,96.095
3607,96.095
3608,96.095
3609,96.095
3610,96.095
3611,96.095
3612,96.095
3613,96.095
3614,96.08
3615,96.08
3616,96.075
3617,96.08
3618,96.08
3619,96.08
3620,96.08
3621,96.08
3622,96.08
3623,96.08
3624,96.06
3625,96.06
3626,96.05
3627,96.05
3628,96.05
3629,96.05
3630,96.05
3631,96.04499999999999
3632,96.03999999999999
3633,96.03999999999999
3634,96.03999999999999
3635,96.03999999999999
3636,96.03999999999999
3637,96.03999999999999
3638,96.03999999999999
3639,96.03999999999999
3640,96.03999999999999
3641,96.03999999999999
3642,96.03999999999999
3643,96.03999999999999
3644,96.03999999999999
3645,96.03999999999999
3646,96.03
3647,96.025
3648,96.03
3649,96.03
3650,96.02
3651,96.01499999999999
3652,96.00999999999999
3653,96.00999999999999
3654,96.00999999999999
3655,96.00999999999999
3656,96.00999999999999
3657,96.00999999999999
3658,96.00999999999999
3659,96.00999999999999
3660,96.00999999999999
3661,96.0
3662,96.0
3663,95.99000000000001
3664,95.99000000000001
3665,95.98
3666,95.98
3667,95.98
3668,95.975
3669,95.97
3670,95.97
3671,95.97
3672,95.97
3673,95.97
3674,95.965
3675,95.97
3676,95.97
3677,95.97
3678,95.97
3679,95.97
3680,95.97
3681,95.97
3682,95.97
3683,95.955
3684,95.955
3685,95.955
3686,95.955
3687,95.955
3688,95.955
3689,95.955
3690,95.955
3691,95.955
3692,95.955
3693,95.955
3694,95.955
3695,95.935
3696,95.935
3697,95.935
3698,95.935
3699,95.935
3700,95.935
3701,95.935
3702,95.935
3703,95.935
3704,95.935
3705,95.935
3706,95.935
3707,95.935
3708,95.935
3709,95.935
3710,95.935
3711,95.91499999999999
3712,95.91
3713,95.91
3714,95.91
3715,95.9
3716,95.9
3717,95.9
3718,95.9
3719,95.9
3720,95.9
3721,95.89
3722,95.89
3723,95.89
3724,95.89
3725,95.89
3726,95.89
3727,95.88
3728,95.88
3729,95.88
3730,95.88
3731,95.88
3732,95.87
3733,95.86500000000001
3734,95.875
3735,95.875
3736,95.875
3737,95.875
3738,95.875
3739,95.875
3740,95.875
3741,95.875
3742,95.875
3743,95.875
3744,95.875
3745,95.875
3746,95.875
3747,95.875
3748,95.875
3749,95.875
3750,95.875
3751,95.85
3752,95.85
3753,95.85
3754,95.85
3755,95.85
3756,95.85
3757,95.86
3758,95.86
3759,95.86
3760,95.86
3761,95.86
3762,95.86
3763,95.86
3764,95.86
3765,95.86
3766,95.845
3767,95.845
3768,95.845
3769,95.845
3770,95.845
3771,95.845
3772,95.83
3773,95.83
3774,95.83
3775,95.83
3776,95.83
3777,95.83
3778,95.82499999999999
3779,95.82
3780,95.82
3781,95.82
3782,95.82
3783,95.82
3784,95.81
3785,95.805
3786,95.81
3787,95.81
3788,95.81
3789,95.81
3790,95.815
3791,95.815
3792,95.815
3793,95.815
3794,95.815
3795,95.815
3796,95.815
3797,95.815
3798,95.815
3799,95.815
3800,95.815
3801,95.815
3802,95.815
3803,95.815
3804,95.815
3805,95.815
3806,95.785
3807,95.78
3808,95.78
3809,95.78
3810,95.765
3811,95.765
3812,95.765
3813,95.765
3814,95.765
3815,95.75
3816,95.75
3817,95.75
3818,95.745
3819,95.74000000000001
3820,95.74000000000001
3821,95.74000000000001
3822,95.73500000000001
3823,95.74000000000001
3824,95.74000000000001
3825,95.74000000000001
3826,95.74000000000001
3827,95.725
3828,95.72
3829,95.72
3830,95.72
3831,95.72
3832,95.715
3833,95.72
3834,95.715
3835,95.72
3836,95.72
3837,95.715
3838,95.72
3839,95.71000000000001
3840,95.71000000000001
3841,95.71000000000001
3842,95.71000000000001
3843,95.71000000000001
3844,95.695
3845,95.69
3846,95.69
3847,95.69
3848,95.69
3849,95.69
3850,95.685
3851,95.685
3852,95.685
3853,95.685
3854,95.685
3855,95.67500000000001
3856,95.68
3857,95.68
3858,95.68
3859,95.68
3860,95.68
3861,95.68
3862,95.68
3863,95.68
3864,95.68
3865,95.68
3866,95.68
3867,95.68
3868,95.68
3869,95.68
3870,95.68
3871,95.66499999999999
3872,95.66
3873,95.66
3874,95.66
3875,95.66
3876,95.66
3877,95.66
3878,95.66
3879,95.645
3880,95.64
3881,95.64
3882,95.64
3883,95.64
3884,95.64
3885,95.64
3886,95.63
3887,95.63
3888,95.63
3889,95.63
3890,95.63
3891,95.63
3892,95.63
3893,95.63
3894,95.63
3895,95.63
3896,95.63
3897,95.61500000000001
3898,95.62
3899,95.62
3900,95.62
3901,95.62
3902,95.62
3903,95.62
3904,95.62
3905,95.62
3906,95.62
3907,95.62
3908,95.62
3909,95.62
3910,95.62
3911,95.62
3912,95.62
3913,95.62
3914,95.62
3915,95.62
3916,95.62
3917,95.62
3918,95.62
3919,95.6
3920,95.6
3921,95.6
3922,95.6
3923,95.6
3924,95.6
3925,95.6
3926,95.6
3927,95.6
3928,95.6
3929,95.6
3930,95.58500000000001
3931,95.59
3932,95.59
3933,95.59
3934,95.59
3935,95.59
3936,95.59
3937,95.59
3938,95.59
3939,95.59
3940,95.59
3941,95.575
3942,95.575
3943,95.575
3944,95.575
3945,95.575
3946,95.575
3947,95.565
3948,95.565
3949,95.565
3950,95.555
3951,95.56
3952,95.555
3953,95.55
3954,95.55
3955,95.55
3956,95.55
3957,95.55
3958,95.55
3959,95.55
3960,95.53999999999999
3961,95.53999999999999
3962,95.53999999999999
3963,95.53999999999999
3964,95.53999999999999
3965,95.53999999999999
3966,95.53999999999999
3967,95.53999999999999
3968,95.53999999999999
3969,95.53999999999999
3970,95.525
3971,95.52
3972,95.52
3973,95.52
3974,95.52
3975,95.50999999999999
3976,95.50999999999999
3977,95.50999999999999
3978,95.50999999999999
3979,95.50999999999999
3980,95.50999999999999
3981,95.50999999999999
3982,95.50999999999999
3983,95.5
3984,95.5
3985,95.495
3986,95.5
3987,95.5
3988,95.5
3989,95.5
3990,95.5
3991,95.49000000000001
3992,95.49000000000001
3993,95.49000000000001
3994,95.49000000000001
3995,95.49000000000001
3996,95.49000000000001
3997,95.48
3998,95.48
3999,95.48
4000,95.48
4001,95.48
4002,95.48
4003,95.48
4004,95.48
4005,95.47
4006,95.47
4007,95.47
4008,95.47
4009,95.47
4010,95.47
4011,95.47
4012,95.47
4013,95.47
4014,95.47
4015,95.47
4016,95.47
4017,95.47
4018,95.47
4019,95.47
4020,95.47
4021,95.47
4022,95.47
4023,95.47
4024,95.465
4025,95.47
4026,95.47
4027,95.47
4028,95.47
4029,95.47
4030,95.44999999999999
4031,95.45
4032,95.44999999999999
4033,95.435
4034,95.435
4035,95.435
4036,95.435
4037,95.435
4038,95.42500000000001
4039,95.43
4040,95.43
4041,95.42
4042,95.42
4043,95.42
4044,95.42
4045,95.41499999999999
4046,95.41
4047,95.41
4048,95.405
4049,95.405
4050,95.405
4051,95.39500000000001
4052,95.4
4053,95.4
4054,95.4
4055,95.4
4056,95.4
4057,95.4
4058,95.4
4059,95.4
4060,95.38499999999999
4061,95.38
4062,95.38
4063,95.38
4064,95.37
4065,95.37
4066,95.37
4067,95.37
4068,95.37
4069,95.37
4070,95.37
4071,95.36
4072,95.36
4073,95.35
4074,95.35
4075,95.35
4076,95.35
4077,95.345
4078,95.345
4079,95.33500000000001
4080,95.34
4081,95.34
4082,95.33500000000001
4083,95.34
4084,95.33
4085,95.32499999999999
4086,95.315
4087,95.325
4088,95.33
4089,95.33
4090,95.33
4091,95.33
4092,95.33
4093,95.33
4094,95.33
4095,95.33
4096,95.315
4097,95.315
4098,95.315
4099,95.315
4100,95.3
4101,95.3
4102,95.3
4103,95.295
4104,95.295
4105,95.295
4106,95.295
4107,95.295
4108,95.295
4109,95.295
4110,95.295
4111,95.295
4112,95.295
4113,95.295
4114,95.295
4115,95.295
4116,95.295
4117,95.295
4118,95.295
4119,95.295
4120,95.28
4121,95.27
4122,95.26499999999999
4123,95.255
4124,95.245
4125,95.25
4126,95.25
4127,95.25
4128,95.25
4129,95.25
4130,95.25
4131,95.25
4132,95.25
4133,95.25
4134,95.245
4135,95.25
4136,95.25
4137,95.245
4138,95.24000000000001
4139,95.24000000000001
4140,95.24000000000001
4141,95.23500000000001
4142,95.24000000000001
4143,95.24000000000001
4144,95.24000000000001
4145,95.24000000000001
4146,95.24000000000001
4147,95.23
4148,95.23
4149,95.23
4150,95.22
4151,95.22
4152,95.22
4153,95.21000000000001
4154,95.20500000000001
4155,95.2
4156,95.2
4157,95.2
4158,95.2
4159,95.2
4160,95.2
4161,95.2
4162,95.2
4163,95.2
4164,95.2
4165,95.19
4166,95.19
4167,95.185
4168,95.185
4169,95.185
4170,95.185
4171,95.185
4172,95.185
4173,95.185
4174,95.185
4175,95.185
4176,95.17500000000001
4177,95.18
4178,95.17
4179,95.17
4180,95.17
4181,95.16
4182,95.155
4183,95.155
4184,95.155
4185,95.155
4186,95.14500000000001
4187,95.15
4188,95.14500000000001
4189,95.15
4190,95.15
4191,95.14
4192,95.14
4193,95.13
4194,95.125
4195,95.13499999999999
4196,95.13
4197,95.13
4198,95.13
4199,95.13
4200,95.13
4201,95.13
4202,95.13
4203,95.12
4204,95.11500000000001
4205,95.12
4206,95.12
4207,95.11
4208,95.11
4209,95.11
4210,95.11
4211,95.1
4212,95.1
4213,95.1
4214,95.1
4215,95.1
4216,95.1
4217,95.1
4218,95.09
4219,95.09
4220,95.09
4221,95.08
4222,95.08
4223,95.08
4224,95.08
4225,95.08
4226,95.08
4227,95.08
4228,95.08
4229,95.08
4230,95.08
4231,95.08
4232,95.08
4233,95.08
4234,95.08
4235,95.065
4236,95.065
4237,95.065
4238,95.065
4239,95.065
4240,95.065
4241,95.065
4242,95.065
4243,95.065
4244,95.045
4245,95.045
4246,95.035
4247,95.03
4248,95.03
4249,95.025
4250,95.03
4251,95.03
4252,95.03
4253,95.03
4254,95.03
4255,95.03
4256,95.03
4257,95.03
4258,95.02
4259,95.02
4260,95.02
4261,95.02
4262,95.02
4263,95.02
4264,95.02
4265,95.02
4266,95.02
4267,95.01499999999999
4268,95.00999999999999
4269,95.00999999999999
4270,95.00999999999999
4271,95.00999999999999
4272,95.00999999999999
4273,95.00999999999999
4274,95.00999999999999
4275,95.00999999999999
4276,95.00999999999999
4277,95.00999999999999
4278,95.00999999999999
4279,95.00999999999999
4280,95.00999999999999
4281,95.0
4282,95.0
4283,95.0
4284,95.0
4285,95.0
4286,95.0
4287,95.0
4288,94.99000000000001
4289,94.99000000000001
4290,94.99000000000001
4291,94.99000000000001
4292,94.99000000000001
4293,94.99000000000001
4294,94.99000000000001
4295,94.99000000000001
4296,94.99000000000001
4297,94.99000000000001
4298,94.99000000000001
4299,94.99000000000001
4300,94.99000000000001
4301,94.99000000000001
4302,94.99000000000001
4303,94.975
4304,94.97
4305,94.965
4306,94.97
4307,94.97
4308,94.97
4309,94.97
4310,94.97
4311,94.97
4312,94.96000000000001
4313,94.96000000000001
4314,94.96000000000001
4315,94.96000000000001
4316,94.96000000000001
4317,94.96000000000001
4318,94.96000000000001
4319,94.96000000000001
4320,94.96000000000001
4321,94.96000000000001
4322,94.96000000000001
4323,94.96000000000001
4324,94.95
4325,94.95
4326,94.95
4327,94.94
4328,94.94
4329,94.94
4330,94.94
4331,94.94
4332,94.94
4333,94.94
4334,94.94
4335,94.94
4336,94.94
4337,94.94
4338,94.94
4339,94.94
4340,94.94
4341,94.94
4342,94.94
4343,94.94
4344,94.93
4345,94.93
4346,94.92
4347,94.92
4348,94.91499999999999
4349,94.91
4350,94.91
4351,94.91
4352,94.91
4353,94.91
4354,94.91
4355,94.91
4356,94.91
4357,94.9
4358,94.9
4359,94.9
4360,94.9
4361,94.9
4362,94.9
4363,94.9
4364,94.89500000000001
4365,94.89
4366,94.89
4367,94.89
4368,94.89
4369,94.89
4370,94.88
4371,94.88
4372,94.88
4373,94.875
4374,94.875
4375,94.87
4376,94.87
4377,94.87
4378,94.87
4379,94.87
4380,94.86500000000001
4381,94.86500000000001
4382,94.87
4383,94.87
4384,94.86500000000001
4385,94.86
4386,94.86
4387,94.85499999999999
4388,94.85
4389,94.85
4390,94.85
4391,94.85
4392,94.85
4393,94.85
4394,94.84
4395,94.83500000000001
4396,94.83500000000001
4397,94.84
4398,94.83
4399,94.83
4400,94.83
4401,94.83
4402,94.82
4403,94.82
4404,94.82
4405,94.82
4406,94.82
4407,94.815
4408,94.815
4409,94.815
4410,94.81
4411,94.805
4412,94.81
4413,94.805
4414,94.81
4415,94.81
4416,94.81
4417,94.81
4418,94.81
4419,94.8
4420,94.8
4421,94.8
4422,94.8
4423,94.8
4424,94.8
4425,94.8
4426,94.78999999999999
4427,94.785
4428,94.795
4429,94.795
4430,94.795
4431,94.795
4432,94.795
4433,94.795
4434,94.795
4435,94.795
4436,94.795
4437,94.795
4438,94.795
4439,94.795
4440,94.795
4441,94.795
4442,94.795
4443,94.795
4444,94.765
4445,94.765
4446,94.765
4447,94.765
4448,94.765
4449,94.765
4450,94.745
4451,94.75
4452,94.75
4453,94.75
4454,94.75
4455,94.75
4456,94.75
4457,94.75
4458,94.75
4459,94.72999999999999
4460,94.73
4461,94.73
4462,94.73
4463,94.73
4464,94.73
4465,94.73
4466,94.73
4467,94.73
4468,94.73
4469,94.73
4470,94.73
4471,94.73
4472,94.73
4473,94.73
4474,94.73
4475,94.73
4476,94.73
4477,94.73
4478,94.715
4479,94.72
4480,94.72
4481,94.72
4482,94.72
4483,94.72
4484,94.72
4485,94.72
4486,94.72
4487,94.72
4488,94.72
4489,94.72
4490,94.72
4491,94.72
4492,94.72
4493,94.72
4494,94.72
4495,94.72
4496,94.72
4497,94.72
4498,94.72
4499,94.72
4500,94.72
4501,94.72
4502,94.72
4503,94.72
4504,94.72
4505,94.695
4506,94.69
4507,94.69
4508,94.69
4509,94.69
4510,94.675
4511,94.67
4512,94.66
4513,94.655
4514,94.655
4515,94.655
4516,94.655
4517,94.65
4518,94.65
4519,94.65
4520,94.64500000000001
4521,94.65
4522,94.65
4523,94.65
4524,94.65
4525,94.65
4526,94.65
4527,94.65
4528,94.65
4529,94.65
4530,94.65
4531,94.65
4532,94.65
4533,94.65
4534,94.65
4535,94.64
4536,94.64
4537,94.64
4538,94.64
4539,94.64
4540,94.64
4541,94.63
4542,94.63
4543,94.63
4544,94.63
4545,94.63
4546,94.63
4547,94.63
4548,94.63
4549,94.63
4550,94.63
4551,94.63
4552,94.63
4553,94.63
4554,94.63
4555,94.63
4556,94.62
4557,94.62
4558,94.62
4559,94.62
4560,94.62
4561,94.62
4562,94.62
4563,94.62
4564,94.62
4565,94.65
4566,94.61
4567,94.61
4568,94.61
4569,94.61
4570,94.6
4571,94.6
4572,94.6
4573,94.6
4574,94.6
4575,94.6
4576,94.6
4577,94.6
4578,94.6
4579,94.6
4580,94.62
4581,94.625
4582,94.625
4583,94.625
4584,94.625
4585,94.625
4586,94.625
4587,94.625
4588,94.625
4589,94.625
4590,94.625
4591,94.63
4592,94.63
4593,94.63
4594,94.63
4595,94.63499999999999
4596,94.63
4597,94.64
4598,94.64
4599,94.64500000000001
4600,94.65
4601,94.65
4602,94.65
4603,94.65
4604,94.65
4605,94.65
4606,94.65
4607,94.65
4608,94.65
4609,94.65
4610,94.65
4611,94.65
4612,94.65
4613,94.65
4614,94.65
4615,94.65
4616,94.65
4617,94.65
4618,94.66999999999999
4619,94.67
4620,94.695
4621,94.685
4622,94.685
4623,94.685
4624,94.685
4625,94.685
4626,94.685
4627,94.685
4628,94.685
4629,94.705
4630,94.705
4631,94.705
4632,94.705
4633,94.705
4634,94.705
4635,94.705
4636,94.705
4637,94.705
4638,94.705
4639,94.705
4640,94.705
4641,94.715
4642,94.72
4643,94.72
4644,94.725
4645,94.72
4646,94.72
4647,94.72
4648,94.72
4649,94.72
4650,94.72
4651,94.72
4652,94.72
4653,94.72
4654,94.72
4655,94.725
4656,94.72
4657,94.72
4658,94.72
4659,94.72
4660,94.72
4661,94.735
4662,94.735
4663,94.735
4664,94.735
4665,94.735
4666,94.735
4667,94.745
4668,94.75
4669,94.75
4670,94.75
4671,94.77000000000001
4672,94.77
4673,94.77
4674,94.77
4675,94.795
4676,94.795
4677,94.795
4678,94.81
4679,94.81
4680,94.82
4681,94.82
4682,94.82
4683,94.82
4684,94.82
4685,94.86
4686,94.86
4687,94.86
4688,94.86
4689,94.86
4690,94.86
4691,94.86
4692,94.86
4693,94.88499999999999
4694,94.895
4695,94.89
4696,94.89
4697,94.89
4698,94.89
4699,94.89
4700,94.91499999999999
4701,94.91
4702,94.91
4703,94.91
4704,94.925
4705,94.91499999999999
4706,94.91
4707,94.91
4708,94.91
4709,94.91
4710,94.93
4711,94.93
4712,94.93
4713,94.93
4714,94.93
4715,94.93
4716,94.93
4717,94.945
4718,94.94
4719,94.94
4720,94.94
4721,94.95
4722,94.95
4723,94.95
4724,94.945
4725,94.94
4726,94.94
4727,94.94
4728,94.95
4729,94.95
4730,94.95
4731,94.95
4732,94.95
4733,94.96000000000001
4734,94.96000000000001
4735,94.96000000000001
4736,94.965
4737,94.97
4738,94.97
4739,94.97
4740,94.97
4741,94.97
4742,94.97
4743,94.97
4744,94.97
4745,94.97
4746,94.97
4747,94.97
4748,94.97
4749,94.97
4750,94.97
4751,95.0
4752,94.985
4753,94.985
4754,94.985
4755,94.985
4756,94.985
4757,94.985
4758,94.985
4759,94.99000000000001
4760,94.99000000000001
4761,94.99000000000001
4762,94.99000000000001
4763,94.99000000000001
4764,94.99000000000001
4765,94.99000000000001
4766,94.99000000000001
4767,94.99000000000001
4768,94.99000000000001
4769,94.99000000000001
4770,94.99000000000001
4771,94.99000000000001
4772,95.0
4773,94.97
4774,94.97999999999999
4775,95.0
4776,94.995
4777,94.995
4778,94.99000000000001
4779,94.99000000000001
4780,94.99000000000001
4781,94.995
4782,94.995
4783,94.995
4784,95.0
4785,95.0
4786,95.0
4787,95.0
4788,95.0
4789,94.975
4790,94.985
4791,94.995
4792,95.0
4793,95.0
4794,95.0
4795,95.03
4796,95.015
4797,95.015
4798,95.00999999999999
4799,95.015
4800,95.015
4801,95.015
4802,95.015
4803,95.015
4804,95.015
4805,95.015
4806,95.015
4807,95.015
4808,95.015
4809,95.015
4810,95.015
4811,95.015
4812,95.015
4813,95.015
4814,95.015
4815,95.015
4816,95.015
4817,95.015
4818,95.015
4819,95.015
4820,95.015
4821,95.015
4822,95.015
4823,95.015
4824,95.015
4825,95.015
4826,95.015
4827,95.015
4828,95.015
4829,95.02
4830,95.02
4831,95.02
4832,95.02
4833,95.02
4834,95.02
4835,95.02
4836,95.02
4837,95.02
4838,95.02
4839,95.025
4840,95.03
4841,95.03
4842,95.03
4843,95.03
4844,95.03
4845,95.03
4846,95.03
4847,95.03
4848,95.03
4849,95.03
4850,95.03
4851,95.03
4852,95.03
4853,95.03
4854,95.045
4855,95.055
4856,95.06
4857,95.07
4858,95.07
4859,95.07
4860,95.07
4861,95.07
4862,95.07
4863,95.07
4864,95.07
4865,95.08500000000001
4866,95.09
4867,95.09
4868,95.09
4869,95.09
4870,95.09
4871,95.09
4872,95.09
4873,95.09
4874,95.09
4875,95.09
4876,95.09
4877,95.09
4878,95.09
4879,95.09
4880,95.09
4881,95.09
4882,95.11000000000001
4883,95.11
4884,95.12
4885,95.12
4886,95.12
4887,95.12
4888,95.13499999999999
4889,95.13
4890,95.155
4891,95.155
4892,95.14
4893,95.14
4894,95.14
4895,95.14
4896,95.14
4897,95.14
4898,95.14
4899,95.17
4900,95.17
4901,95.17
4902,95.195
4903,95.205
4904,95.205
4905,95.225
4906,95.23
4907,95.23500000000001
4908,95.24000000000001
4909,95.24000000000001
4910,95.23500000000001
4911,95.235
4912,95.235
4913,95.245
4914,95.25
4915,95.25
4916,95.25
4917,95.25
4918,95.25
4919,95.25
4920,95.25
4921,95.25
4922,95.25
4923,95.25
4924,95.25
4925,95.25
4926,95.25
4927,95.25
4928,95.25
4929,95.25
4930,95.25
4931,95.25
4932,95.25
4933,95.25
4934,95.25
4935,95.25
4936,95.25
4937,95.25
4938,95.25
4939,95.25
4940,95.27000000000001
4941,95.28
4942,95.27000000000001
4943,95.27
4944,95.27
4945,95.27
4946,95.27
4947,95.27
4948,95.27
4949,95.27
4950,95.28
4951,95.28
4952,95.28
4953,95.28
4954,95.28
4955,95.28
4956,95.28
4957,95.30000000000001
4958,95.3
4959,95.3
4960,95.3
4961,95.3
4962,95.3
4963,95.3
4964,95.315
4965,95.305
4966,95.31
4967,95.31
4968,95.31
4969,95.31
4970,95.31
4971,95.31
4972,95.31
4973,95.31
4974,95.31
4975,95.32
4976,95.325
4977,95.33
4978,95.33
4979,95.33
4980,95.34
4981,95.34
4982,95.34
4983,95.34
4984,95.34
4985,95.34
4986,95.355
4987,95.36
4988,95.36
4989,95.36
4990,95.36
4991,95.36
4992,95.36
4993,95.36
4994,95.36
4995,95.36
4996,95.36
4997,95.38
4998,95.38
4999,95.38
